#ID,0
CL00001,0.1830157234145155
CL00002,0.05400511720435163
CL00004,0.2591178958566099
